brand,perfume,type,category,target_audience,longevity,product_id
Dumont,Nitro Red,Edp,Fresh Scent,Male,Strong,PRF0001
Dumont,Nitro Pour Homme,Edp,Fresh Scent,Male,Strong,PRF0002
Dumont,Nitro White,Edp,Fresh Scent,Unisex,Strong,PRF0003
Dumont,Nitro Blue,Edp,Fresh Scent,Unisex,Strong,PRF0004
Dumont,Nitro Green,Edp,Fresh Scent,Unisex,Strong,PRF0005
Dumont,Nitro Platinum,Edp,Mass Pleaser,Male,Strong,PRF0006
Dumont,Nitro Intense,Edp,Woody Spicy,Male,Strong,PRF0007
Dumont,Nitro Black,Edp,Woody Spicy,Male,Strong,PRF0008
Dumont,Celerio Oros,Edp,Oriental Vanilla,Unisex,Medium,PRF0009
Dumont,Celerio Epic,Edp,Woody Aromatic,Male,Medium,PRF0010
Armaf,Club De Nuit Intense Man,Edt,Woody Spicy,Male,Strong,PRF0011
Armaf,Cdnim Pure Parfum,Parfum,Woody Spicy,Male,Strong,PRF0012
Armaf,Cdnim Edp,Edp,Woody Spicy,Male,Strong,PRF0013
Armaf,Cdnim Limited Edition,Edp,Woody Spicy,Male,Strong,PRF0014
Armaf,Cdn Women,Edp,Floral Fruity,Female,Medium,PRF0015
Armaf,Lionheart Man,Edt,Woody Aromatic,Male,Medium,PRF0016
Armaf,Yum Yum,Edp,Fruity Floral,Female,Medium,PRF0017
Armaf,Sillage,Edp,Woody Spicy,Male,Medium,PRF0018
Armaf,Imperial,Edp,Woody Spicy,Male,Medium,PRF0019
Armaf,Untold,Edp,Woody Aromatic,Male,Medium,PRF0020
Armaf,Hunter,Edt,Woody Spicy,Male,Medium,PRF0021
Armaf,Hunter Intense,Edp,Woody Spicy,Male,Strong,PRF0022
Armaf,Ventana Marine,Edp,Fresh Scent,Male,Medium,PRF0023
Armaf,Ventana,Edt,Fresh Scent,Male,Medium,PRF0024
Armaf,Urban Man Elixr,Edp,Woody Spicy,Male,Medium,PRF0025
Armaf,Milestone,Edp,Woody Spicy,Male,Medium,PRF0026
Armaf,Aura Fresh,Edp,Fresh Scent,Male,Medium,PRF0027
Armaf,Precioux 1,Edp,Woody Spicy,Male,Medium,PRF0028
Armaf,Legesi,Edp,Woody Aromatic,Male,Medium,PRF0029
Armaf,Blue Homme,Edt,Fresh Scent,Male,Medium,PRF0030
Armaf,Odyssey Homme,Edp,Woody Spicy,Male,Medium,PRF0031
Armaf,Odyssey Homme White Edition,Edp,Woody Spicy,Male,Medium,PRF0032
Armaf,Odyssey Homme Gold Edition,Edp,Woody Spicy,Male,Medium,PRF0033
Armaf,Odyssey Homme Red,Edp,Woody Spicy,Male,Medium,PRF0034
Armaf,Odyssey Homme Blue,Edp,Woody Spicy,Male,Medium,PRF0035
Armaf,Odyssey Homme Black,Edp,Woody Spicy,Male,Medium,PRF0036
Armaf,Odyssey Femme,Edp,Floral Fruity,Female,Medium,PRF0037
Armaf,Tag Him,Edt,Woody Spicy,Male,Medium,PRF0038
Armaf,Tag Him Prestige Edition,Edt,Woody Spicy,Male,Medium,PRF0039
Armaf,Tag Him Pour Homme,Edt,Woody Spicy,Male,Medium,PRF0040
Armaf,Tag Her,Edp,Floral Fruity,Female,Medium,PRF0041
Armaf,Derby Club House Blanche,Edt,Fresh Scent,Unisex,Medium,PRF0042
Armaf,Derby Club House Gold,Edt,Woody Spicy,Male,Medium,PRF0043
Armaf,Derby Club House Ascot,Edt,Woody Spicy,Male,Medium,PRF0044
Armaf,Derby Club House Adventure,Edt,Woody Aromatic,Male,Medium,PRF0045
Armaf,Derby Club House Victory,Edt,Woody Aromatic,Male,Medium,PRF0046
Armaf,Derby Club House Blue,Edt,Fresh Scent,Unisex,Medium,PRF0047
Armaf,All You Need Is Passion,Edp,Woody Spicy,Male,Medium,PRF0048
Armaf,The Pride Of Armaf For Men,Edp,Woody Spicy,Male,Medium,PRF0049
Armaf,The Pride Of Armaf For Women,Edp,Floral Fruity,Female,Medium,PRF0050
Armaf,The Warrior,Edt,Woody Spicy,Male,Medium,PRF0051
Armaf,The Hunter,Edt,Woody Spicy,Male,Medium,PRF0052
Armaf,The Hunter Intense,Edp,Woody Spicy,Male,Strong,PRF0053
Armaf,The Hunter Black,Edp,Woody Spicy,Male,Strong,PRF0054
Armaf,The Hunter Jungle,Edp,Woody Spicy,Male,Medium,PRF0055
Armaf,The Legacy,Edp,Woody Aromatic,Male,Medium,PRF0056
Armaf,The Signature For Women,Edp,Floral Fruity,Female,Medium,PRF0057
Armaf,The Signature For Men,Edp,Woody Spicy,Male,Medium,PRF0058
Armaf,Club De Nuit Intense Man Limited Edition Parfum,Parfum,Woody Spicy,Male,Strong,PRF0059
Armaf,Club De Nuit Intense Women Limited Edition,Parfum,Floral Fruity,Female,Strong,PRF0060
Armaf,Club De Nuit Milestones,Edp,Woody Spicy,Male,Medium,PRF0061
Armaf,Club De Nuit Sillage,Edp,Woody Spicy,Male,Medium,PRF0062
Armaf,Club De Nuit Imperiale,Edp,Woody Spicy,Male,Medium,PRF0063
Armaf,Club De Nuit Urban Man,Edp,Woody Spicy,Male,Medium,PRF0064
Armaf,Club De Nuit Urban Woman,Edp,Floral Fruity,Female,Medium,PRF0065
Armaf,Club De Nuit Untold,Parfum,Woody Spicy,Male,Strong,PRF0066
Armaf,Club De Nuit Timeless,Parfum,Woody Spicy,Male,Strong,PRF0067
Armaf,Club De Nuit Iconic,Edp,Woody Spicy,Male,Medium,PRF0068
Armaf,Ventana Pour Homme,Edp,Fresh Scent,Male,Medium,PRF0069
Armaf,Ventana Pour Femme,Edp,Floral Fruity,Female,Medium,PRF0070
Armaf,Ventana Noir,Edp,Woody Spicy,Male,Medium,PRF0071
Armaf,Ventana Azure,Edp,Fresh Scent,Male,Medium,PRF0072
Armaf,Opus Homme,Edp,Woody Spicy,Male,Medium,PRF0073
Armaf,Opus Femme,Edp,Floral Fruity,Female,Medium,PRF0074
Armaf,Opus Noir,Edp,Woody Spicy,Male,Medium,PRF0075
Armaf,Opus Blue,Edp,Fresh Scent,Male,Medium,PRF0076
Armaf,Opus Rouge,Edp,Woody Spicy,Male,Medium,PRF0077
Armaf,Opus Gold,Edp,Woody Spicy,Male,Medium,PRF0078
Armaf,Magnificent Pour Homme,Edp,Woody Spicy,Male,Medium,PRF0079
Armaf,Magnificent Pour Femme,Edp,Floral Fruity,Female,Medium,PRF0080
Fragrance World,Spectre Ghost,Edp,Woody Aromatic,Male,Medium,PRF0081
Fragrance World,Spectre Wraith,Edp,Woody Spicy,Male,Strong,PRF0082
Fragrance World,Pinnace White,Edp,Fresh Scent,Unisex,Medium,PRF0083
Fragrance World,Essence De Blanc,Edp,Floral Fruity,Female,Medium,PRF0084
Fragrance World,Vulcan Feu French Avenue,Edp,Woody Spicy,Male,Strong,PRF0085
Fragrance World,Urban Man Elixir,Edp,Woody Spicy,Male,Medium,PRF0086
Fragrance World,Nuke 2.0,Edp,Woody Aromatic,Male,Medium,PRF0087
Fragrance World,Suits,Edp,Woody Aromatic,Male,Medium,PRF0088
Fragrance World,Sultry Woods,Edp,Woody Spicy,Male,Strong,PRF0089
Fragrance World,Fierte,Edp,Woody Aromatic,Male,Medium,PRF0090
Fragrance World,Green Saphire,Edp,Fresh Scent,Unisex,Medium,PRF0091
Fragrance World,Eau De Spice,Edp,Spicy Aromatic,Male,Medium,PRF0092
Fragrance World,Imperial Fragrance World,Edp,Woody Spicy,Male,Strong,PRF0093
Fragrance World,Divin Asylum,Edp,Woody Aromatic,Male,Medium,PRF0094
Fragrance World,Divin Oud,Edp,Oud,Unisex,Strong,PRF0095
Fragrance World,Francique 63.55,Edp,Woody Aromatic,Male,Medium,PRF0096
Fragrance World,My Soulmate Body,Edp,Floral Fruity,Female,Medium,PRF0097
Fragrance World,Mirag Absolu,Edp,Woody Spicy,Male,Strong,PRF0098
Fragrance World,Tropical Kiss,Edp,Fruity Floral,Female,Medium,PRF0099
Fragrance World,Aqua Pura,Edp,Fresh Scent,Unisex,Medium,PRF0100
Fragrance World,Arabian Incense,Edp,Oriental Woody,Unisex,Strong,PRF0101
Fragrance World,Hibiscus Magic,Edp,Floral Fruity,Female,Medium,PRF0102
Fragrance World,Brown Sugar,Edp,Gourmand,Unisex,Medium,PRF0103
Fragrance World,Aqua Royale Blue,Edp,Fresh Scent,Male,Medium,PRF0104
Fragrance World,Enigma Une,Edp,Woody Aromatic,Male,Medium,PRF0105
Fragrance World,Enigma Trois,Edp,Woody Aromatic,Male,Medium,PRF0106
Fragrance World,Imperium Edp,Edp,Woody Spicy,Male,Strong,PRF0107
Fragrance World,Bavaria Pour Homme,Edp,Woody Aromatic,Male,Medium,PRF0108
Fragrance World,Aventos Green,Edp,Fresh Scent,Male,Medium,PRF0109
Fragrance World,Absolute Oud Magnificent 7,Edp,Oud,Unisex,Strong,PRF0110
Fragrance World,F Le Parfum,Parfum,Floral Fruity,Female,Strong,PRF0111
Fragrance World,Giorgio Black Special Edition,Edp,Woody Spicy,Male,Medium,PRF0112
Fragrance World,Harmony Code Absolute,Edp,Woody Aromatic,Male,Medium,PRF0113
Fragrance World,Barakkat Rouge 540,Edp,Oud,Unisex,Strong,PRF0114
Fragrance World,Barakkat Aqua Stellar,Edp,Fresh Scent,Unisex,Medium,PRF0115
Fragrance World,Mocha Wood,Edp,Gourmand,Unisex,Medium,PRF0116
Fragrance World,Star Men Nebula,Edp,Woody Aromatic,Male,Medium,PRF0117
Fragrance World,La Uno Forever,Edp,Floral Fruity,Female,Medium,PRF0118
Fragrance World,Royal Blend Nero,Edp,Woody Spicy,Male,Medium,PRF0119
Fragrance World,Royal Blend,Edp,Woody Spicy,Male,Medium,PRF0120
Fragrance World,Sweet Paradise,Edp,Fruity Floral,Female,Medium,PRF0121
Fragrance World,Cocktail Intense,Edp,Woody Spicy,Male,Medium,PRF0122
Rasasi,Shaghaf (Nafaies Al Shaghaf),Edp,Sweet Spicy Oriental,Unisex,Strong,PRF0123
Rasasi,Shuhrah,Edp,Woody Spicy,Unisex,Strong,PRF0124
Rasasi,Sotoor Seen,Edp,Fresh Spicy,Unisex,Medium,PRF0125
Rasasi,Sotoor Taa,Edp,Fresh Aromatic,Unisex,Medium,PRF0126
Rasasi,Sotoor Waaw,Edp,Fresh Woody,Unisex,Medium,PRF0127
Rasasi,Hawas Tropical,Edp,Fruity Fresh,Male,Medium,PRF0128
Riffs,Deoro Patchouli,Edp,Earthy Woody,Unisex,Medium–Strong,PRF0129
Riffs,Elegant Homme,Edp,Fresh Woody,Male,Medium,PRF0130
Riffs,Goodness Oud,Edp,Rich Oud,Unisex,Strong,PRF0131
Riffs,Imperial Blue,Edp,Fresh Aromatic,Male,Light–Medium,PRF0132
Riffs,Majestic Rose,Edp,Floral Rose,Female,Strong,PRF0133
Riffs,Wonder Of You,Edp,Sweet Floral,Unisex,Medium,PRF0134
Ibraheem Al Qurashi,Blue Oud,Edp,Oud Floral,Unisex,Strong,PRF0135
Ibraheem Al Qurashi,Golden Amber,Edp,Amber Oriental,Unisex,Strong,PRF0136
Nusuk,Al Mukhtalif Signature,Edp,Oriental Woody,Unisex,Medium,PRF0137
Nusuk,Ana Al Awwal,Edp,Fresh Spicy,Unisex,Medium,PRF0138
My Perfumes,Oud Al Layl,Edp,Oud Deep,Unisex,Strong,PRF0139
Nusuk,Naseem Aqua,Edp,Fresh Aquatic,Unisex,Medium,PRF0140
Zimaya,Sharaf Blend,Edp,Woody Floral,Unisex,Medium,PRF0141
Zimaya,Sharaf Club Black,Edp,Oud Oriental,Unisex,Strong,PRF0142
Ard Al Zaafaran,Al Dirgham Gold Limited Edition,Edp,Amber Spicy,Unisex,Strong,PRF0143
Ard Al Zaafaran,Al Dirgham Silver Special Edition,Edp,Fresh Spicy,Unisex,Medium,PRF0144
Al Haramain,Amber Oud Aqua Dubai,Edp,Fresh Amber,Male,Medium,PRF0145
Al Haramain,Detour Noir,Edp,Woody Spicy,Male,Strong,PRF0146
Al Haramain,Detour Noir Intense,Edp,Woody Spicy,Male,Strong,PRF0147
Al Haramain,Detour Eco,Edp,Fresh Fougere,Male,Medium,PRF0148
Al Haramain,Detour Rouge,Edp,Woody Spicy,Male,Strong,PRF0149
Dirham,Dirham Oud,Edp,Oud Woody,Unisex,Strong,PRF0150
Dirham,Dirham Wardi,Edp,Rose Oud,Unisex,Strong,PRF0151
Dirham,Dirham Silver,Edp,Fresh Aromatic,Male,Medium,PRF0152
Dirham,Dirham Gold,Edp,Woody Spicy,Male,Strong,PRF0153
Sheikh Zayed,Sheikh Zayed Blue,Edp,Fresh Aquatic,Male,Medium,PRF0154
Al Wataniah,Kayaan Classic,Edp,Woody Spicy,Male,Medium,PRF0155
Insurrection,Insurrection Wild Ii,Edp,Woody Spicy,Male,Strong,PRF0156
Rue Broca,Theoreme Martix,Edp,Oriental Spicy,Unisex,Strong,PRF0157
Rue Broca,Theoreme,Edp,Oriental Spicy,Unisex,Medium,PRF0158
Khadlj,Island,Edp,Fresh Green,Unisex,Light–Medium,PRF0159
Khadlj,Island Vanilla Dunes,Edp,Fruity Vanilla,Unisex,Medium,PRF0160
Khadlj,Karus Blue Spice,Edp,Fresh Spicy,Unisex,Medium,PRF0161
Khadlj,Cloud Candy,Edp,Sweet Gourmand,Unisex,Medium,PRF0162
Khadlj,Shiyaaka Gold,Edp,Woody Spicy,Male,Strong,PRF0163
Khadlj,Shiyaaka Silver,Edp,Woody Aromatic,Male,Medium,PRF0164
Khadlj,Shiyaaka Blue,Edp,Fresh Woody,Male,Medium,PRF0165
Hamidi,Addicted Imperial,Edp,Woody Spicy,Male,Strong,PRF0166
Hamidi,Addicted Silver,Edp,Woody Aromatic,Male,Medium,PRF0167
Hamidi,Addicted Intense,Edp,Woody Spicy,Male,Strong,PRF0168
Ajmal,Kuro,Edp,Fresh Aquatic,Male,Medium,PRF0169
Ajmal,Blue,Edp,Fresh Aromatic,Male,Medium,PRF0170
Ajmal,Shiro,Edp,Oriental Spicy,Unisex,Medium,PRF0171
Ajmal,Rain Drops,Edp,Fresh Aquatic,Unisex,Light–Medium,PRF0172
Ajmal,Wisal Dahab,Edp,Floral Oriental,Female,Medium,PRF0173
Rayhaan,Elixr,Edp,Woody Spicy,Unisex,Strong,PRF0174
Rayhaan,Crimson,Edp,Spicy Floral,Female,Medium,PRF0175
Rayhaan,Pacific,Edp,Fresh Aquatic,Unisex,Medium,PRF0176
Rayhaan,Lion,Edp,Woody Spicy,Unisex,Medium,PRF0177
Rayhaan,Imperia Intense,Edp,Woody Spicy,Unisex,Strong,PRF0178
Rayhaan,Royal Wood,Edp,Woody,Unisex,Medium,PRF0179
Rayhaan,Fresh Wave,Edp,Fresh Aquatic,Unisex,Medium,PRF0180
Rayhaan,Ocean Rush,Edp,Fresh Aquatic,Unisex,Medium,PRF0181
Swiss Arabian,Shagaf Vanilla Toffee,Edp,Gourmand Sweet,Unisex,Strong,PRF0182
Swiss Arabian,Shagaf Oud,Edp,Oud Spicy,Unisex,Strong,PRF0183
Ard Al Zaafaran,Bint Hooran,Edp,Floral Oriental,Female,Medium,PRF0184
Zimaya,Stallion,Edp,Woody Spicy,Male,Medium,PRF0185
Al Rehab,Choco Musk,Edp,Gourmand Sweet,Unisex,Medium,PRF0186
Zimaya,Itqan Noir,Edp,Woody Aromatic,Male,Strong,PRF0187
Zimaya,Tiramisu Coco,Edp,Gourmand Dessert,Unisex,Medium,PRF0188
Zimaya,Tiramisu Caramel,Edp,Gourmand Dessert,Unisex,Medium,PRF0189
Zimaya,Mazaaj Infused,Edp,Woody Floral,Unisex,Medium,PRF0190
Zimaya,Rabab,Edp,Fruity Floral,Female,Medium,PRF0191
Paris Corner,Atoof,Edp,Woody Oriental,Unisex,Strong,PRF0192
Paris Corner,Autobiography - Citron Vanille,Edp,Citrus Gourmand,Unisex,Medium,PRF0193
Paris Corner,Autobiography - Salty Breeze,Edp,Fresh Aquatic,Male,Medium,PRF0194
Paris Corner,Citron Vanille,Edp,Citrus Sweet,Female,Medium,PRF0195
Paris Corner,Cosmopolitan Dubai,Edp,Oriental Spicy,Unisex,Strong,PRF0196
Paris Corner,Choco Cult,Edp,Gourmand Chocolate,Unisex,Strong,PRF0197
Paris Corner,Date Caramel,Edp,Sweet Gourmand,Unisex,Strong,PRF0198
Paris Corner,December Vanilla,Edp,Vanilla Gourmand,Unisex,Medium,PRF0199
Paris Corner,Emir - A Chaos In The Ocean,Edp,Fresh Aquatic,Unisex,Medium,PRF0200
Paris Corner,Emir - A Walk On Dirt,Edp,Woody Earthy,Unisex,Medium,PRF0201
Paris Corner,Emir - Camp Fire,Edp,Smoky Leather,Unisex,Strong,PRF0202
Paris Corner,Emir - Celestial,Edp,Amber Woody,Unisex,Strong,PRF0203
Paris Corner,Emir - Cherry Cola,Edp,Fruity Sweet,Gourmand,Medium,PRF0204
Paris Corner,Emir - Fascination,Edp,Oriental Spicy,Unisex,Strong,PRF0205
Paris Corner,Emir - Fire Your Desire,Edp,Spicy Amber,Unisex,Strong,PRF0206
Paris Corner,Emir - Frenetic Delicious,Edp,Sweet Fruity,Unisex,Medium,PRF0207
Paris Corner,Emir - Frenetic Homme Intense,Edp,Woody Spicy,Male,Strong,PRF0208
Paris Corner,Emir - Frenetic Men,Edp,Fresh Spicy,Male,Medium,PRF0209
Paris Corner,Emir - Frenetic Tobacco Honey,Edp,Sweet Tobacco,Unisex,Strong,PRF0210
Paris Corner,Emir - Juicy Melange,Edp,Fruity Citrus,Unisex,Medium,PRF0211
Paris Corner,Emir - Just Bergamot,Edp,Citrus Fresh,Unisex,Medium,PRF0212
Paris Corner,Emir - Mango Punch,Edp,Fruity Tropical,Unisex,Medium,PRF0213
Paris Corner,Emir - Pear Potion,Edp,Fruity Sweet,Unisex,Medium,PRF0214
Paris Corner,Emir - Resurrection,Edp,Woody Oriental,Unisex,Strong,PRF0215
Paris Corner,Emir - Rich Santal,Edp,Woody Creamy,Unisex,Strong,PRF0216
Paris Corner,Emir - Smoky Leather,Edp,Leather Smoky,Unisex,Strong,PRF0217
Paris Corner,Emir - Trillium,Edp,Woody Floral,Unisex,Medium,PRF0218
Paris Corner,Emir - Triumphant Sapphire,Edp,Woody Spicy,Unisex,Strong,PRF0219
Paris Corner,Emir - Ultra Citrus,Edp,Citrus Fresh,Unisex,Medium,PRF0220
Paris Corner,Emir - Vertex,Edp,Woody Spicy,Male,Strong,PRF0221
Paris Corner,Emir - Vibrant Delight,Edp,Sweet Fruity,Unisex,Medium,PRF0222
Paris Corner,Emir - Vibrant Orange & Neroli,Edp,Citrus Floral,Unisex,Medium,PRF0223
Paris Corner,Emir - Cedrat Essence,Edp,Citrus Fresh,Unisex,Medium,PRF0224
Paris Corner,Eternal Musk,Edp,Musky Floral,Unisex,Medium,PRF0225
Paris Corner,Identity - Oud Crescent,Edp,Oud Oriental,Unisex,Strong,PRF0226
Paris Corner,Identity - Rose & Leather,Edp,Floral Leather,Unisex,Strong,PRF0227
Paris Corner,Kaheela Lux,Edp,Amber Spicy,Female,Strong,PRF0228
Paris Corner,Khair,Edp,Sweet Floral,Female,Medium,PRF0229
Paris Corner,Khair Confection,Edp,Sweet Gourmand,Female,Medium,PRF0230
Paris Corner,Khair Felicity,Edp,Floral Sweet,Female,Medium,PRF0231
Paris Corner,Khair Fusion,Edp,Floral Fruity,Female,Medium,PRF0232
Paris Corner,Khair Pistachio,Edp,Gourmand Nutty,Unisex,Medium,PRF0233
Paris Corner,Killer Oud - Death By Oud,Edp,Oud Smoky,Unisex,Strong,PRF0234
Paris Corner,Killer Oud - Midnight Ecstasy,Edp,Amber Oud,Unisex,Strong,PRF0235
Paris Corner,Marshmallow Blush,Edp,Sweet Gourmand,Female,Medium,PRF0236
Paris Corner,Mawj Moscow Mule,Edp,Citrus Fresh,Unisex,Medium,PRF0237
Paris Corner,Ministry Of Gourmand - Banana Bliss,Edp,Fruity Gourmand,Unisex,Medium,PRF0238
Paris Corner,Ministry Of Gourmand - Tiramisu Specoloo,Edp,Dessert Gourmand,Unisex,Medium,PRF0239
Paris Corner,Ministry Series - Amber Oud,Edp,Amber Oud,Unisex,Strong,PRF0240
Paris Corner,Ministry Series - Oud Royal,Edp,Oud Spicy,Unisex,Strong,PRF0241
Paris Corner,Ministry Series - Oud Satin,Edp,Oud Sweet,Unisex,Strong,PRF0242
Paris Corner,Ministry Series - Oud Indonesian,Edp,Oud Woody,Unisex,Strong,PRF0243
Paris Corner,North Stag - Neuf Ix (9),Edp,Woody Spicy,Male,Strong,PRF0244
Paris Corner,North Stag - Sept Vii (7),Edp,Woody Aromatic,Male,Medium,PRF0245
Paris Corner,North Stag - Huit Viii (8),Edp,Woody Oriental,Male,Strong,PRF0246
Paris Corner,North Stag - Phenomenal Quatorze Xiv (14),Edp,Oriental Spicy,Male,Strong,PRF0247
Paris Corner,North Stag Expressions - I (Une/1),Edp,Woody Fresh,Unisex,Medium,PRF0248
Paris Corner,North Stag Expressions - Ii (Deux/2),Edp,Woody Oriental,Unisex,Strong,PRF0249
Paris Corner,North Stag Expressions - Iii (Trois/3),Edp,Oriental Spicy,Unisex,Strong,PRF0250
Paris Corner,North Stag Expressions - Iv (Quatre/4),Edp,Amber Woody,Unisex,Strong,PRF0251
Paris Corner,Prive Zarah - Barcode Signature,Edp,Woody Aromatic,Male,Medium,PRF0252
Paris Corner,Prive Zarah - Blend Afgano,Edp,Oud Oriental,Unisex,Strong,PRF0253
Paris Corner,Prive Zarah - Bois Dores,Edp,Woody Amber,Unisex,Strong,PRF0254
Paris Corner,Prive Zarah - Why,Edp,Fresh Spicy,Male,Medium,PRF0255
Paris Corner,Qissa (Pink),Edp,Fruity Floral,Female,Medium,PRF0256
Paris Corner,Qissa Delicious,Edp,Sweet Fruity,Female,Medium,PRF0257
Paris Corner,Rifaqat,Edp,Amber Spicy,Unisex,Strong,PRF0258
Paris Corner,Rifaqat Adorn,Edp,Floral Oriental,Female,Medium,PRF0259
Paris Corner,Salty Breeze,Edp,Fresh Aquatic,Unisex,Medium,PRF0260
Paris Corner,Soothing Zephyr,Edp,Fresh Aromatic,Unisex,Medium,PRF0261
Paris Corner,Taskeen Caramel,Edp,Sweet Gourmand,Unisex,Medium,PRF0262
Paris Corner,Taskeen Marina,Edp,Fresh Aquatic,Unisex,Medium,PRF0263
Paris Corner,Voux - Blue Oud,Edp,Oud Woody,Unisex,Strong,PRF0264
Paris Corner,Voux - Elegante,Edp,Floral Oriental,Female,Medium,PRF0265
Paris Corner,Voux - Voilette,Edp,Floral Powdery,Female,Medium,PRF0266
Paris Corner,Voux - Zeste,Edp,Citrus Fresh,Unisex,Medium,PRF0267
Paris Corner,Voux - Zingy,Edp,Fruity Citrus,Unisex,Medium,PRF0268
Afnan,9 Am Dive,Edp,Fresh Scent,Unisex,Medium,PRF0269
Afnan,9 Am Pour Femme,Edp,Fresh Scent,Female,Medium,PRF0270
Afnan,9 Am Pour Homme,Edp,Fresh Scent,Male,Medium,PRF0271
Afnan,9 Pm,Edp,Mass Pleaser,Unisex,Medium,PRF0272
Afnan,9 Pm Rebel,Edp,Woody Fruity,Male,Strong,PRF0273
Afnan,Cherry Bouquet,Edp,Fruity Gourmand,Female,Medium,PRF0274
Afnan,Abstract Portrait,Edp,Oriental Fougere,Unisex,Strong,PRF0275
Afnan,Fatima Pink,Extrait De Parfum,Floral Fruity,Female,Medium,PRF0276
Afnan,Fatima Velvet Love,Edp,Floral Gourmand,Female,Medium,PRF0277
Afnan,Historic Olmeda,Edp,Aromatic Spicy,Unisex,Medium,PRF0278
Afnan,Historic Sahara,Edp,Oriental Vanilla,Unisex,Strong,PRF0279
Afnan,Modest Deux,Edp,Fresh Scent,Female,Medium,PRF0280
Afnan,Modest Une,Edp,Fresh Scent,Female,Medium,PRF0281
Afnan,Mystique Bouquet,Edp,Fruity Floral,Female,Medium,PRF0282
Afnan,Penthouse Ginza,Edp,Woody Spicy,Male,Medium,PRF0283
Afnan,Pride Intense,Edp,Woody Spicy,Male,Medium,PRF0284
Afnan,Rare Carbon,Edp,Woody Spicy,Male,Medium,PRF0285
Afnan,Rare Reef,Edp,Woody Spicy,Male,Medium,PRF0286
Afnan,Rare Tiffany,Edp,Woody Spicy,Male,Medium,PRF0287
Afnan,Supremacy Collector'S Edition,Edp,Woody Spicy,Male,Strong,PRF0288
Afnan,Supremacy Silver,Edp,Woody Spicy,Male,Medium,PRF0289
Afnan,Supremacy In Heaven,Edp,Woody Spicy,Male,Medium,PRF0290
Afnan,Supremacy In Oud,Edp,Woody Spicy,Male,Strong,PRF0291
Afnan,Supremacy Not Only Intense,Edp,Woody Spicy,Male,Strong,PRF0292
Afnan,Theoreme,Edp,Woody Spicy,Unisex,Medium,PRF0293
Afnan,Theoreme Matrix,Edp,Woody Spicy,Unisex,Medium,PRF0294
Afnan,Theoreme Pour Femme,Edp,Woody Spicy,Female,Medium,PRF0295
Afnan,Turathi Blue,Edp,Woody Spicy,Male,Medium,PRF0296
Afnan,Turathi Brown,Edp,Woody Spicy,Male,Medium,PRF0297
Afnan,Turathi Electric,Edp,Woody Spicy,Male,Medium,PRF0298
Xerjoff,Accento,Edp,Chypre Floral Fruity,Unisex,Strong,PRF0299
Xerjoff,Mefisto Gentiluomo,Edp,Woody Aromatic,Unisex,Medium,PRF0300
Xerjoff,Erba Pura,Edp,Fruity Musk,Unisex,Strong,PRF0301
Xerjoff,More Than Words,Edp,Floral Oriental,Female,Medium,PRF0302
Xerjoff,Naxos,Edp,Oriental Fougere Gourmand,Unisex,Strong,PRF0303
Xerjoff,Starlight,Edp,Gourmand Spicy,Unisex,Medium,PRF0304
Xerjoff,Wardasina,Edp,Woody Floral,Unisex,Medium,PRF0305
Xerjoff,Zaffiro,Edp,Citrus Floral,Unisex,Medium,PRF0306
Xerjoff,Uden,Edp,Woody Oriental,Unisex,Strong,PRF0307
Xerjoff,Richwood,Edp,Woody Spicy,Unisex,Strong,PRF0308
Xerjoff,1861 Naxos,Edp,Oriental Spicy,Unisex,Strong,PRF0309
Xerjoff,Alexandria Ii,Edp,Amber Oriental,Unisex,Strong,PRF0310
Xerjoff,Lira,Edp,Floral Fruity,Female,Medium,PRF0311
Xerjoff,Join The Club,Edp,Citrus Woody,Unisex,Medium,PRF0312
Xerjoff,Gloria,Edp,Floral Fruity,Female,Medium,PRF0313
Xerjoff,Vol De Nuit,Edp,Oriental Spicy,Unisex,Strong,PRF0314
Xerjoff,Nio,Edp,Fruity Citrus,Unisex,Medium,PRF0315
Xerjoff,Romeo,Edp,Woody Spicy,Male,Strong,PRF0316
Paco Rabanne,Phantom,Parfum,Woody Aromatic,Unisex,Strong,PRF0317
Paco Rabanne,Fame,Parfum,Floriental,Female,Strong,PRF0318
Paco Rabanne,Invictus Victory Elixir,Parfum,Amber Spicy,Male,Strong,PRF0319
Paco Rabanne,Invictus Legend,Parfum,Woody Spicy,Male,Strong,PRF0320
Paco Rabanne,Invictus Platinum,Parfum,Aromatic Fougere,Male,Strong,PRF0321
Paco Rabanne,Lady Million,Parfum,Floriental,Female,Medium,PRF0322
Paco Rabanne,1 Million Eau De Toilette,Edt,Woody Spicy,Male,Medium,PRF0323
Paco Rabanne,1 Million Fabulous,Parfum,Amber Spicy,Male,Medium,PRF0324
Paco Rabanne,1 Million Lucky,Parfum,Woody Fruity,Male,Strong,PRF0325
Paco Rabanne,1 Million Prive,Parfum,Amber Spicy,Male,Strong,PRF0326
Paco Rabanne,1 Million Royal,Parfum,Amber Woody,Male,Medium,PRF0327
Paco Rabanne,Phantom Legion,Parfum,Woody Aromatic,Unisex,Strong,PRF0328
Paco Rabanne,Phantom Pour Homme,Parfum,Woody Aromatic,Unisex,Strong,PRF0329
Paco Rabanne,Pure Xs,Parfum,Amber Spicy,Male,Strong,PRF0330
Paco Rabanne,Pure Xs For Her,Parfum,Floriental,Female,Strong,PRF0331
Jean Paul Gaultier,Le Male,Edt,Amber Spicy,Male,Medium,PRF0332
Jean Paul Gaultier,Ultra Male,Edp,Amber Spicy,Male,Strong,PRF0333
Jean Paul Gaultier,Le Male Le Parfum,Edp,Amber Woody,Male,Strong,PRF0334
Jean Paul Gaultier,Le Beau,Edt,Woody Aromatic,Male,Medium,PRF0335
Jean Paul Gaultier,Le Beau Le Parfum,Edp,Woody Amber,Male,Strong,PRF0336
Jean Paul Gaultier,Le Beau Paradise Garden,Edp,Woody Watery,Male,Medium,PRF0337
Jean Paul Gaultier,Le Male In The Navy,Edt,Aromatic Fougere,Male,Medium,PRF0338
Jean Paul Gaultier,Le Male Le Parfum Pride Edition,Edp,Amber Woody,Male,Strong,PRF0339
Jean Paul Gaultier,Le Male Elixir,Edp,Amber Fougere,Male,Strong,PRF0340
Jean Paul Gaultier,Le Male Aviator,Edt,Aromatic Fougere,Male,Medium,PRF0341
Jean Paul Gaultier,Le Male Capitaine Collector,Edt,Aromatic Fougere,Male,Medium,PRF0342
Jean Paul Gaultier,Le Male On Board,Edt,Aromatic Fougere,Male,Medium,PRF0343
Jean Paul Gaultier,Le Male Pride 2023,Edp,Amber Woody,Male,Strong,PRF0344
Jean Paul Gaultier,Le Male Pride 2024,Edp,Amber Woody,Male,Strong,PRF0345
Jean Paul Gaultier,Classique,Edp,Oriental Floral,Female,Strong,PRF0346
Jean Paul Gaultier,Classique Intense,Edp,Oriental Floral,Female,Strong,PRF0347
Jean Paul Gaultier,Classique Essence De Parfum,Parfum,Oriental Floral,Female,Strong,PRF0348
Jean Paul Gaultier,Classique X,Edp,Oriental Floral,Female,Strong,PRF0349
Jean Paul Gaultier,Classique Collector,Edp,Oriental Floral,Female,Strong,PRF0350
Jean Paul Gaultier,Classique Eau De Parfum,Edp,Oriental Floral,Female,Strong,PRF0351
Jean Paul Gaultier,Classique Eau De Toilette,Edt,Oriental Floral,Female,Medium,PRF0352
Jean Paul Gaultier,Scandal,Edp,Floriental,Female,Strong,PRF0353
Jean Paul Gaultier,Scandal By Night,Edp,Floriental,Female,Strong,PRF0354
Jean Paul Gaultier,Scandal A Paris,Edp,Floriental,Female,Strong,PRF0355
Jean Paul Gaultier,Scandal Le Parfum,Parfum,Floriental,Female,Strong,PRF0356
Jean Paul Gaultier,Scandal Parfum Intense,Parfum,Floriental,Female,Strong,PRF0357
Jean Paul Gaultier,Scandal Absolu,Parfum,Floriental,Female,Strong,PRF0358
Jean Paul Gaultier,Scandal Eau De Parfum,Edp,Floriental,Female,Strong,PRF0359
Jean Paul Gaultier,Scandal Eau De Toilette,Edt,Floriental,Female,Medium,PRF0360
Jean Paul Gaultier,Le Classique,Edp,Oriental Floral,Female,Strong,PRF0361
Jean Paul Gaultier,Le Classique Essence De Parfum,Parfum,Oriental Floral,Female,Strong,PRF0362
Jean Paul Gaultier,Le Classique Eau De Parfum,Edp,Oriental Floral,Female,Strong,PRF0363
Jean Paul Gaultier,Le Classique Eau De Toilette,Edt,Oriental Floral,Female,Medium,PRF0364
Jean Paul Gaultier,Le Classique Collector,Edp,Oriental Floral,Female,Strong,PRF0365
Jean Paul Gaultier,Le Classique Intense,Edp,Oriental Floral,Female,Strong,PRF0366
Jean Paul Gaultier,Le Classique X,Edp,Oriental Floral,Female,Strong,PRF0367
Jean Paul Gaultier,Le Classique Eau Fraiche,Edt,Oriental Floral,Female,Light,PRF0368
Dior,Sauvage Edt,Edt,Aromatic Fougere,Male,Strong,PRF0369
Dior,Sauvage Edp,Edp,Aromatic Fougere,Male,Very Strong,PRF0370
Dior,Sauvage Parfum,Parfum,Aromatic Fougere,Male,Very Strong,PRF0371
Dior,Sauvage Elixir,Parfum,Aromatic Fougere,Male,Very Strong,PRF0372
Dior,Homme Intense,Edp,Floriental,Male,Strong,PRF0373
Dior,Homme Parfum,Parfum,Floriental,Male,Strong,PRF0374
Dior,J'Adore Edp,Edp,Floriental,Female,Medium,PRF0375
Dior,J'Adore Edt,Edt,Floriental,Female,Medium,PRF0376
Dior,J'Adore Parfum D'Eau,Edp,Floriental,Female,Light,PRF0377
Dior,Addict Edp,Edp,Oriental Spicy,Female,Strong,PRF0378
Dior,Addict Edt,Edt,Oriental Spicy,Female,Medium,PRF0379
Dior,Miss Dior Edp,Edp,Floriental,Female,Medium,PRF0380
Dior,Miss Dior Edt,Edt,Floriental,Female,Medium,PRF0381
Dior,Gris Dior,Edp,Woody Floral,Unisex,Medium,PRF0382
Dior,Eau Noire,Edp,Woody Aromatic,Unisex,Medium,PRF0383
Dior,Fahrenheit,Edt,Leather,Unisex,Strong,PRF0384
Dior,Fahrenheit Parfum,Parfum,Leather,Unisex,Very Strong,PRF0385
Dior,Poison,Edt,Oriental Spicy,Female,Strong,PRF0386
Dior,Poison Edp,Edp,Oriental Spicy,Female,Very Strong,PRF0387
Dior,Poison Girl Edp,Edp,Floriental,Female,Medium,PRF0388
Dior,Poison Girl Edt,Edt,Floriental,Female,Medium,PRF0389
Dior,Joy Edp,Edp,Floriental,Female,Medium,PRF0390
Dior,Joy Intense Edp,Edp,Floriental,Female,Medium,PRF0391
Dior,Leather Oud,Edp,Leather,Unisex,Strong,PRF0392
Dior,Ambre Nuit,Edp,Amber,Unisex,Strong,PRF0393
Dior,Patchouli Imperial,Edp,Woody Chypre,Unisex,Strong,PRF0394
Dior,Feve Delicieuse,Edp,Gourmand,Unisex,Strong,PRF0395
Dior,Vanilla Diorama,Edp,Gourmand,Unisex,Strong,PRF0396
Yves Saint Laurent,Libre Edp,Edp,Floral Amber,Female,Strong,PRF0397
Yves Saint Laurent,Libre Intense Edp,Edp,Floral Amber,Female,Very Strong,PRF0398
Yves Saint Laurent,Libre L'Eau Nue Edp,Edp,Floral,Female,Medium,PRF0399
Yves Saint Laurent,Mon Paris Edp,Edp,Floriental,Female,Medium,PRF0400
Yves Saint Laurent,Mon Paris Intensement Edp,Edp,Floriental,Female,Strong,PRF0401
Yves Saint Laurent,Black Opium Edp,Edp,Ambery Gourmand,Female,Strong,PRF0402
Yves Saint Laurent,Black Opium Intense Edp,Edp,Ambery Gourmand,Female,Very Strong,PRF0403
Yves Saint Laurent,Y Edp,Edp,Aromatic Fougere,Male,Strong,PRF0404
Yves Saint Laurent,Y Eau Fraiche Edt,Edt,Fruity Aromatic,Male,Medium,PRF0405
Yves Saint Laurent,Y Le Parfum,Parfum,Aromatic Fougere,Male,Very Strong,PRF0406
Yves Saint Laurent,L'Homme Edp,Edp,Woody Spicy,Male,Strong,PRF0407
Yves Saint Laurent,L'Homme Parfum Intense Edp,Edp,Woody Spicy,Male,Very Strong,PRF0408
Yves Saint Laurent,L'Homme Ultime Edp,Edp,Woody Spicy,Male,Strong,PRF0409
Yves Saint Laurent,L'Homme Le Parfum,Parfum,Woody Spicy,Male,Very Strong,PRF0410
Yves Saint Laurent,La Nuit De L'Homme Edp,Edp,Woody Spicy,Male,Strong,PRF0411
Yves Saint Laurent,La Nuit De L'Homme Parfum,Parfum,Woody Spicy,Male,Very Strong,PRF0412
Yves Saint Laurent,La Nuit De L'Homme L'Intense Edp,Edp,Woody Spicy,Male,Strong,PRF0413
Dolce & Gabbana,The One Edp,Edp,Amber Floral,Female,Medium,PRF0414
Dolce & Gabbana,The One Edp Intense,Edp,Amber Floral,Female,Strong,PRF0415
Dolce & Gabbana,The Only One Edp,Edp,Floriental,Female,Medium,PRF0416
Dolce & Gabbana,The Only One 2 Edp,Edp,Floriental,Female,Medium,PRF0417
Dolce & Gabbana,Devotion Edp,Edp,Floriental,Female,Strong,PRF0418
Dolce & Gabbana,Devotion Edp Intense,Edp,Floriental,Female,Strong,PRF0419
Dolce & Gabbana,Light Blue Edt,Edt,Fruity Floral,Female,Medium,PRF0420
Dolce & Gabbana,Light Blue Edp,Edp,Fruity Floral,Female,Medium,PRF0421
Dolce & Gabbana,Light Blue Eau Intense Edp,Edp,Fruity Floral,Female,Strong,PRF0422
Dolce & Gabbana,Light Blue Forever Edp,Edp,Fruity Floral,Female,Strong,PRF0423
Dolce & Gabbana,Pour Homme Edt,Edt,Woody Aromatic,Male,Strong,PRF0424
Dolce & Gabbana,Pour Homme Intenso Edp,Edp,Woody Aromatic,Male,Strong,PRF0425
Dolce & Gabbana,The One For Men Edp,Edp,Amber Spicy,Male,Medium,PRF0426
Dolce & Gabbana,The One For Men Edp Intense,Edp,Amber Spicy,Male,Strong,PRF0427
Dolce & Gabbana,The One For Men Parfum,Parfum,Amber Spicy,Male,Strong,PRF0428
Dolce & Gabbana,K By Dolce&Gabbana Edp,Edp,Woody Spicy,Male,Medium,PRF0429
Dolce & Gabbana,K By Dolce&Gabbana Intenso Edp,Edp,Woody Spicy,Male,Strong,PRF0430
Dolce & Gabbana,Light Blue Pour Homme Edt,Edt,Fruity Aromatic,Male,Medium,PRF0431
Dolce & Gabbana,Light Blue Intense Pour Homme Edp,Edp,Fruity Aromatic,Male,Strong,PRF0432
Azzaro,Chrome Edt,Edt,Aromatic Fougere,Unisex,Medium,PRF0433
Azzaro,Chrome Intense Edt,Edt,Aromatic Fougere,Unisex,Medium,PRF0434
Azzaro,Chrome Aqua Edt,Edt,Aromatic Fougere,Unisex,Medium,PRF0435
Azzaro,Chrome Extreme Edt,Edt,Aromatic Fougere,Unisex,Medium,PRF0436
Azzaro,Chrome Azure Edt,Edt,Aromatic Fougere,Unisex,Medium,PRF0437
Azzaro,Chrome Legend Edt,Edt,Aromatic Fougere,Unisex,Medium,PRF0438
Azzaro,Chrome Sport Edt,Edt,Aromatic Fougere,Unisex,Medium,PRF0439
Azzaro,Chrome Pure Edt,Edt,Aromatic Fougere,Unisex,Medium,PRF0440
Azzaro,Chrome United Edt,Edt,Aromatic Fougere,Unisex,Medium,PRF0441
Azzaro,Chrome Pure Sport Edt,Edt,Aromatic Fougere,Unisex,Medium,PRF0442
Azzaro,Wanted Edt,Edt,Woody Spicy,Male,Medium,PRF0443
Azzaro,Wanted By Night Edt,Edt,Woody Spicy,Male,Strong,PRF0444
Azzaro,Wanted Eau De Parfum Edp,Edp,Woody Spicy,Male,Medium,PRF0445
Azzaro,Wanted Freeride Edt,Edt,Woody Spicy,Male,Medium,PRF0446
Azzaro,Wanted Tonic Edt,Edt,Citrus Aromatic,Male,Medium,PRF0447
Azzaro,The Most Wanted Parfum,Parfum,Amber Spicy,Male,Strong,PRF0448
Azzaro,The Most Wanted Intense Edp,Edp,Amber Spicy,Male,Very Strong,PRF0449
Azzaro,The Most Wanted Eau De Parfum Edp,Edp,Amber Spicy,Male,Strong,PRF0450
Azzaro,Forever Wanted Elixir Edp,Edp,Amber Woody,Male,Strong,PRF0451
Azzaro,Pour Homme Edt,Edt,Woody Aromatic,Male,Medium,PRF0452
Azzaro,Pour Homme Intense Edp,Edp,Woody Aromatic,Male,Strong,PRF0453
Azzaro,Pour Homme Edition Noire Edp,Edp,Woody Aromatic,Male,Strong,PRF0454
Azzaro,Pour Elle Edp,Edp,Floriental,Female,Medium,PRF0455
Azzaro,Pour Elle L'Eau Tres Belle Edt,Edt,Floriental,Female,Medium,PRF0456
Azzaro,Pour Elle L'Eau Tres Florale Edt,Edt,Floriental,Female,Medium,PRF0457
Azzaro,Mademoiselle Edt,Edt,Floriental,Female,Medium,PRF0458
Azzaro,Mademoiselle L'Eau Tres Belle Edt,Edt,Floriental,Female,Medium,PRF0459
Azzaro,Mademoiselle L'Eau Tres Florale Edt,Edt,Floriental,Female,Medium,PRF0460
Azzaro,Hot Pepper Edt,Edt,Spicy,Female,Medium,PRF0461
Azzaro,Fun Edt,Edt,Floriental,Female,Medium,PRF0462
Azzaro,Visit For Men Edt,Edt,Woody Spicy,Male,Medium,PRF0463
Azzaro,Visit For Women Edt,Edt,Floriental,Female,Medium,PRF0464
Azzaro,Decibel Edt,Edt,Woody Spicy,Male,Medium,PRF0465
Azzaro,Elixir Edp,Edp,Amber Spicy,Male,Strong,PRF0466
Al Haramain,Detour Noir,Edp,Amber Woody,Unisex,6–8 hours,PRF0467
Al Haramain,Detour Eco,Edp,Woody Spicy,Unisex,6–8 hours,PRF0468
Al Haramain,Detour Rouge,Edp,Amber Spicy,Unisex,6–8 hours,PRF0469
Al Haramain,Detour Exclusif,Edp,Woody Spicy,Unisex,6–8 hours,PRF0470
Al Haramain,L'Aventure,Edp,Citrus Woody,Men,6–8 hours,PRF0471
Al Haramain,L'Aventure Intense,Edp,Woody Spicy,Men,6–8 hours,PRF0472
Al Haramain,L'Aventure Blanche,Edp,Floral Woody,Women,6–8 hours,PRF0473
Al Haramain,L'Aventure Femme,Edp,Floriental,Women,6–8 hours,PRF0474
Al Haramain,L'Aventure Knight,Edp,Woody Aromatic,Men,6–8 hours,PRF0475
Al Haramain,L'Aventure Gold,Edp,Floriental,Women,6–8 hours,PRF0476
Al Haramain,Amber Oud Gold Edition,Edp,Amber Floral,Unisex,Strong,PRF0477
Al Haramain,Amber Oud White Edition,Edp,Floriental,Unisex,Medium,PRF0478
Al Haramain,Amber Oud Carbon Edition,Edp,Woody Aromatic,Unisex,Strong,PRF0479
Al Haramain,Amber Oud Bleu Edition,Edp,Woody Spicy,Unisex,Strong,PRF0480
Al Haramain,Amber Oud Tobacco Edition,Edp,Amber Spicy,Unisex,Strong,PRF0481
Al Haramain,Amber Oud Ruby Edition,Edp,Amber Floral,Unisex,Strong,PRF0482
Al Haramain,Amber Oud Dubai Night,Edp,Woody Spicy,Unisex,Medium,PRF0483
Al Haramain,Amber Oud Aqua Dubai,Edp,Woody Aquatic,Unisex,Medium,PRF0484
Al Haramain,Amber Oud Gold Edition Extreme,Extrait De Parfum,Amber Floral,Unisex,Very Strong,PRF0485
Al Haramain,Amber Oud Gold Edition Intense,Edp,Amber Floral,Unisex,Strong,PRF0486
Al Haramain,Amber Oud Gold Edition Limited,Edp,Amber Floral,Unisex,Strong,PRF0487
Al Haramain,Amber Oud Gold Edition Exclusive,Edp,Amber Floral,Unisex,Strong,PRF0488
Al Haramain,Amber Oud Gold Edition Supreme,Edp,Amber Floral,Unisex,Strong,PRF0489
Al Haramain,Amber Oud Gold Edition Royal,Edp,Amber Floral,Unisex,Strong,PRF0490
Al Haramain,Amber Oud Gold Edition Classic,Edp,Amber Floral,Unisex,Strong,PRF0491
Al Haramain,Amber Oud Gold Edition Prestige,Edp,Amber Floral,Unisex,Strong,PRF0492
Al Haramain,Amber Oud Gold Edition Signature,Edp,Amber Floral,Unisex,Strong,PRF0493
Al Haramain,Amber Oud Gold Edition Elite,Edp,Amber Floral,Unisex,Strong,PRF0494
Al Haramain,Amber Oud Gold Edition Supreme Intense,Extrait De Parfum,Amber Floral,Unisex,Very Strong,PRF0495
Al Haramain,Amber Oud Gold Edition Supreme Limited,Extrait De Parfum,Amber Floral,Unisex,Very Strong,PRF0496
Al Haramain,Amber Oud Gold Edition Supreme Exclusive,Extrait De Parfum,Amber Floral,Unisex,Very Strong,PRF0497
Al Haramain,Amber Oud Gold Edition Supreme Royal,Extrait De Parfum,Amber Floral,Unisex,Very Strong,PRF0498
Al Haramain,Amber Oud Gold Edition Supreme Classic,Extrait De Parfum,Amber Floral,Unisex,Very Strong,PRF0499
Al Haramain,Amber Oud Gold Edition Supreme Prestige,Extrait De Parfum,Amber Floral,Unisex,Very Strong,PRF0500
Al Haramain,Amber Oud Gold Edition Supreme Signature,Extrait De Parfum,Amber Floral,Unisex,Very Strong,PRF0501
Al Haramain,Amber Oud Gold Edition Supreme Elite,Extrait De Parfum,Amber Floral,Unisex,Very Strong,PRF0502
Al Haramain,Amber Oud Gold Edition Supreme Intense Limited,Extrait De Parfum,Amber Floral,Unisex,Very Strong,PRF0503
Al Haramain,Amber Oud Gold Edition Supreme Intense Exclusive,Extrait De Parfum,Amber Floral,Unisex,Very Strong,PRF0504
Al Haramain,Amber Oud Gold Edition Supreme Intense Royal,Extrait De Parfum,Amber Floral,Unisex,Very Strong,PRF0505
Al Haramain,Amber Oud Gold Edition Supreme Intense Classic,Extrait De Parfum,Amber Floral,Unisex,Very Strong,PRF0506
Al Haramain,Amber Oud Gold Edition Supreme Intense Prestige,Extrait De Parfum,Amber Floral,Unisex,Very Strong,PRF0507
Al Haramain,Amber Oud Gold Edition Supreme Intense Signature,Extrait De Parfum,Amber Floral,Unisex,Very Strong,PRF0508
Al Haramain,Amber Oud Gold Edition Supreme Intense Elite,Extrait De Parfum,Amber Floral,Unisex,Very Strong,PRF0509
Creed,Aventus,Edp,Woody Fruity,Unisex,Strong,PRF0510
Creed,Aventus For Her,Edp,Floriental,Female,Strong,PRF0511
Creed,Silver Mountain Water,Edp,Aromatic,Unisex,Medium,PRF0512
Creed,Green Irish Tweed,Edp,Fougere,Unisex,Medium,PRF0513
Creed,Millésime Impérial,Edp,Fruity Floral,Unisex,Medium,PRF0514
Creed,Original Vetiver,Edp,Woody Aromatic,Unisex,Medium,PRF0515
Creed,Original Santal,Edp,Woody Spicy,Unisex,Medium,PRF0516
Creed,Bois Du Portugal,Edp,Woody,Unisex,Medium,PRF0517
Creed,Virgin Island Water,Edp,Tropical,Unisex,Medium,PRF0518
Creed,Tabarome,Edp,Spicy Woody,Unisex,Medium,PRF0519
Creed,Himalaya,Edp,Aromatic,Unisex,Medium,PRF0520
Creed,Viking,Edp,Spicy Woody,Unisex,Medium,PRF0521
Creed,Viking Cologne,Edp,Spicy Woody,Unisex,Medium,PRF0522
Creed,Love In White,Edp,Floriental,Female,Medium,PRF0523
Creed,Wind Flowers,Edp,Floriental,Female,Medium,PRF0524
Creed,Spring Flower,Edp,Floriental,Female,Medium,PRF0525
Creed,Carmina,Edp,Floriental,Female,Medium,PRF0526
Creed,Queen Of Silk,Edp,Floriental,Female,Medium,PRF0527
Creed,Eladaria,Edp,Floriental,Female,Medium,PRF0528
Creed,Absolu Aventus,Edp,Woody Fruity,Unisex,Strong,PRF0529
Creed,Royal Mayfair,Edp,Woody Floral,Unisex,Medium,PRF0530
Creed,Delphinus,Edp,Amber Floral,Unisex,Medium,PRF0531
Creed,Centaurus,Edp,Amber Spicy,Unisex,Medium,PRF0532
Creed,Oud Zarian,Edp,Woody Oriental,Unisex,Medium,PRF0533
Versace,Eros Parfum,Edp,Woody Aromatic,Men,Strong,PRF0534
Versace,Eros Flame,Edp,Woody Spicy,Men,Medium,PRF0535
Versace,Eros Energy,Edp,Citrus Aromatic,Men,Medium,PRF0536
Versace,Dylan Blue Pour Homme,Edt,Woody Aquatic,Men,Medium,PRF0537
Versace,Man Eau Fraiche,Edt,Woody Aquatic,Men,Light,PRF0538
Versace,Pour Homme,Edt,Citrus Aromatic,Men,Light,PRF0539
Versace,Crystal Noir,Edt,Amber Floral,Female,Medium,PRF0540
Versace,Bright Crystal,Edp,Floriental,Female,Medium,PRF0541
Versace,Yellow Diamond,Edp,Floriental,Female,Medium,PRF0542
Versace,Red Jeans,Edt,Floriental,Female,Light,PRF0543
Versace,Vanitas,Edp,Floriental,Female,Medium,PRF0544
Versace,L'Homme,Edt,Woody Floral,Men,Medium,PRF0545
Versace,Pour Homme Oud Noir,Edp,Woody Oriental,Men,Medium,PRF0546
Versace,Versense,Edt,Green Floral,Female,Medium,PRF0547
Versace,Atelier Cedrat De Diamante,Edp,Citrus Woody,Unisex,Medium,PRF0548
Versace,Atelier Eclat De Rose,Edp,Floral,Unisex,Medium,PRF0549
Versace,Atelier Encens Supreme,Edp,Incense Woody,Unisex,Medium,PRF0550
Versace,Atelier Santal Boisé,Edp,Sandalwood,Unisex,Medium,PRF0551
Carolina Herrera,Good Girl,Edp,Floriental,Female,Medium,PRF0552
Carolina Herrera,Good Girl Blush,Edp,Floriental,Female,Medium,PRF0553
Carolina Herrera,Good Girl Supreme,Edp,Floriental,Female,Medium,PRF0554
Carolina Herrera,Very Good Girl,Edp,Floriental,Female,Medium,PRF0555
Carolina Herrera,Very Good Girl Elixir,Edp,Floriental,Female,Medium,PRF0556
Carolina Herrera,212 Vip,Edp,Woody Spicy,Female,Medium,PRF0557
Carolina Herrera,212 Vip Black,Edp,Amber Spicy,Female,Medium,PRF0558
Carolina Herrera,212 Heroes,Edt,Woody,Female,Light,PRF0559
Carolina Herrera,212 Sexy,Edt,Floriental,Female,Light,PRF0560
Carolina Herrera,212 Men,Edt,Woody Spicy,Male,Medium,PRF0561
Carolina Herrera,212 Men Nyc,Edt,Woody Spicy,Male,Medium,PRF0562
Carolina Herrera,212 Vip Men,Edt,Woody Spicy,Male,Medium,PRF0563
Carolina Herrera,212 Vip Black Elixir,Edp,Amber Spicy,Male,Medium,PRF0564
Carolina Herrera,Bad Boy,Edp,Woody Spicy,Male,Medium,PRF0565
Carolina Herrera,Bad Boy Le Parfum,Edp,Woody Spicy,Male,Medium,PRF0566
Carolina Herrera,Bad Boy Cobalt,Edp,Woody Spicy,Male,Medium,PRF0567
Carolina Herrera,Amber Desire,Edp,Amber,Female,Medium,PRF0568
Carolina Herrera,Neroli Bohème,Edp,Floriental,Female,Medium,PRF0569
Carolina Herrera,Confidential Oud Couture,Edp,Woody,Female,Medium,PRF0570
Hugo Boss,Boss Bottled Edt,Edt,Woody Spicy,Men,Medium,PRF0571
Hugo Boss,Boss Bottled Edp,Edp,Woody Spicy,Men,Strong,PRF0572
Hugo Boss,Boss Bottled Infinite,Edp,Woody Aromatic,Men,Medium,PRF0573
Hugo Boss,Boss Bottled Tonic,Edt,Citrus Aromatic,Men,Light,PRF0574
Hugo Boss,Boss The Scent Edt,Edt,Spicy Oriental,Men,Medium,PRF0575
Hugo Boss,Boss The Scent Intense Edp,Edp,Spicy Oriental,Men,Strong,PRF0576
Hugo Boss,Hugo Man Edt,Edt,Green Aromatic,Men,Light,PRF0577
Hugo Boss,Hugo Just Different Edt,Edt,Woody Aromatic,Men,Light,PRF0578
Hugo Boss,Boss Bottled Night Edt,Edt,Woody Aromatic,Men,Light,PRF0579
Hugo Boss,Boss Ma Vie Edp,Edp,Floriental,Female,Medium,PRF0580
Hugo Boss,Boss Femme Edp,Edp,Floriental,Female,Medium,PRF0581
Hugo Boss,Boss The Scent For Her Edp,Edp,Floriental,Female,Medium,PRF0582
Hugo Boss,Boss The Scent Le Parfum Edp,Edp,Floriental,Female,Medium,PRF0583
Hugo Boss,Boss Bottled Oud,Edp,Woody Oriental,Men,Medium,PRF0584
Hugo Boss,Boss Bottled Elixir,Edp,Woody Spicy,Men,Medium,PRF0585
Hugo Boss,Boss The Scent Le Parfum,Edp,Oriental Woody,Men,Medium,PRF0586
Hugo Boss,Boss The Scent Absolute,Edp,Oriental Woody,Men,Medium,PRF0587
Hugo Boss,Hugo Energise,Edt,Woody Aquatic,Men,Light,PRF0588
Hugo Boss,Hugo Just Different,Edt,Aromatic Green,Men,Light,PRF0589
Hugo Boss,Boss Soul,Edt,Oriental Woody,Men,Medium,PRF0590
Hugo Boss,Boss Selection,Edt,Woody Aromatic,Men,Medium,PRF0591
Hugo Boss,Boss Bottled Sport,Edt,Woody Aromatic,Men,Light,PRF0592
Hugo Boss,Boss Bottled Unlimited,Edt,Citrus Aromatic,Men,Light,PRF0593
Hugo Boss,Boss Bottled Night,Edt,Woody Aromatic,Men,Light,PRF0594
Hugo Boss,Boss Ma Vie L'Eau,Edt,Floral Fruity,Female,Light,PRF0595
Hugo Boss,Boss Femme,Edp,Floral Fruity,Female,Medium,PRF0596
Hugo Boss,Boss Nuit Pour Femme,Edp,Floral Fruity,Female,Medium,PRF0597
Hugo Boss,Boss Orange,Edp,Floral Fruity,Female,Medium,PRF0598
Hugo Boss,Boss The Scent For Her,Edp,Floral Fruity,Female,Medium,PRF0599
Hugo Boss,Boss The Scent Magnetic,Edp,Floral Fruity,Female,Medium,PRF0600
Hugo Boss,Boss Alive,Edp,Floral Fruity,Female,Medium,PRF0601
Hugo Boss,Boss The Scent Private Accord,Edp,Floral Fruity,Female,Medium,PRF0602
Hugo Boss,Hugo Reversed,Edt,Woody Aromatic,Men,Light,PRF0603
Hermès,Terre D'Hermès Edt,Edt,Woody Citrus,Men,Medium,PRF0604
Hermès,Terre D'Hermès Edp,Edp,Woody Citrus,Men,Strong,PRF0605
Hermès,Terre D'Hermès Eau Très Fraîche,Edt,Woody Citrus,Men,Light,PRF0606
Hermès,Terre D'Hermès Eau Givrée,Edt,Woody Citrus,Men,Light,PRF0607
Hermès,H24 Edt,Edt,Aromatic Green,Men,Medium,PRF0608
Hermès,H24 Herbes Vives Edp,Edp,Aromatic Fougere,Men,Medium,PRF0609
Hermès,Un Jardin Sur Le Nil Edt,Edt,Green Fruity,Unisex,Light,PRF0610
Hermès,Un Jardin Sur Le Toit Edt,Edt,Green Fruity,Unisex,Light,PRF0611
Hermès,Un Jardin Méditerranéen Edt,Edt,Green Fruity,Unisex,Light,PRF0612
Hermès,Un Jardin D'Amalfi Edt,Edt,Green Fruity,Unisex,Light,PRF0613
Hermès,Un Jardin En Méditerranée Edt,Edt,Green Fruity,Unisex,Light,PRF0614
Hermès,24 Faubourg Edp,Edp,Floriental,Female,Medium,PRF0615
Hermès,24 Faubourg Edt,Edt,Floriental,Female,Light,PRF0616
Hermès,Calèche Edp,Edp,Floriental,Female,Medium,PRF0617
Hermès,Calèche Edt,Edt,Floriental,Female,Light,PRF0618
Hermès,Elixir Des Merveilles Edp,Edp,Amber Woody,Female,Medium,PRF0619
Hermès,Elixir Des Merveilles Bleue Edp,Edp,Amber Woody,Female,Medium,PRF0620
Hermès,Barénia Edp,Edp,Chypre Fruity,Female,Medium,PRF0621
Hermès,Barénia Eau De Parfum Intense,Edp,Chypre Fruity,Female,Medium,PRF0622
Hermès,Barénia Eau De Parfum,Edp,Chypre Fruity,Female,Medium,PRF0623
Hermès,Hermessence Collection Edp,Edp,Woody Floral,Unisex,Medium,PRF0624
Hermès,Oud Alezan Edp,Edp,Woody Floral,Unisex,Medium,PRF0625
Hermès,Épice Marine Edp,Edp,Woody Floral,Unisex,Medium,PRF0626
Hermès,Ambre Narguilé Edp,Edp,Amber Woody,Unisex,Medium,PRF0627
Hermès,Poivre Samarcande Edp,Edp,Spicy Woody,Unisex,Medium,PRF0628
Hermès,Vanille Galante Edp,Edp,Floriental,Unisex,Medium,PRF0629
Hermès,Brin De Réglisse Edp,Edp,Woody Floral,Unisex,Medium,PRF0630
Tom Ford,Black Orchid Edp,Edp,Oriental Floral,Unisex,Strong,PRF0631
Tom Ford,Black Orchid Edt,Edt,Oriental Floral,Unisex,Medium,PRF0632
Tom Ford,Tobacco Vanille Edp,Edp,Oriental Spicy,Unisex,Strong,PRF0633
Tom Ford,Lost Cherry Edp,Edp,Oriental Fruity,Unisex,Strong,PRF0634
Tom Ford,Velvet Orchid Edp,Edp,Floriental,Female,Medium,PRF0635
Tom Ford,Fucking Fabulous Edp,Edp,Oriental Fougere,Unisex,Strong,PRF0636
Tom Ford,Oud Wood Edp,Edp,Woody Oriental,Unisex,Strong,PRF0637
Tom Ford,Noir De Noir Edp,Edp,Oriental Floral,Unisex,Medium,PRF0638
Tom Ford,White Patchouli Edp,Edp,Chypre Floral,Female,Medium,PRF0639
Tom Ford,Black Orchid Parfum,Parfum,Oriental Floral,Unisex,Very Strong,PRF0640
Tom Ford,Neroli Portofino Edt,Edt,Citrus Aromatic,Unisex,Light,PRF0641
Tom Ford,Private Blend Oud Fleur Edp,Edp,Woody Floral,Unisex,Strong,PRF0642
Tom Ford,Fuckin’ Fabulous Edp,Edp,Oriental Spicy,Unisex,Strong,PRF0643
Parfums De Marly,Delina Edp,Edp,Floriental,Female,Strong,PRF0644
Parfums De Marly,Delina Exclusif Edp,Edp,Amber Floral,Female,Strong,PRF0645
Parfums De Marly,Delina La Rosée Edp,Edp,Floriental,Female,Medium,PRF0646
Parfums De Marly,Valaya Edp,Edp,Floral Musky Woody,Female,Strong,PRF0647
Parfums De Marly,Valaya Exclusif Edp,Edp,Floral Musky Woody,Female,Strong,PRF0648
Parfums De Marly,Castley Edp,Edp,Woody Floral,Female,Strong,PRF0649
Parfums De Marly,Palatine Edp,Edp,Woody Fruity,Female,Medium,PRF0650
Parfums De Marly,Althaïr Edp,Edp,Woody Floral,Unisex,Strong,PRF0651
Parfums De Marly,Haltane Edp,Edp,Woody Spicy,Unisex,Strong,PRF0652
Parfums De Marly,Layton Edp,Edp,Amber Spicy,Unisex,Strong,PRF0653
Parfums De Marly,Layton Exclusif Edp,Edp,Amber Spicy,Unisex,Strong,PRF0654
Parfums De Marly,Greenley Edp,Edp,Fruity Woody,Unisex,Medium,PRF0655
Parfums De Marly,Perseus Edp,Edp,Aromatic Woody,Unisex,Strong,PRF0656
Parfums De Marly,Godolphin Edp,Edp,Woody Leather Chypre,Unisex,Strong,PRF0657
Parfums De Marly,Darley Edp,Edp,Amber Fougère,Unisex,Strong,PRF0658
Parfums De Marly,Habdan Edp,Edp,Woody Floral,Unisex,Strong,PRF0659
Parfums De Marly,Oajan Edp,Edp,Amber Spicy,Unisex,Strong,PRF0660
Giorgio Armani,Stronger With You Edt,Edt,Oriental Fougere,Men,Medium,PRF0661
Giorgio Armani,Stronger With You Intensely Edp,Edp,Oriental Spicy,Men,Strong,PRF0662
Giorgio Armani,Stronger With You Absolutely Edp,Edp,Amber Woody,Men,Strong,PRF0663
Giorgio Armani,Stronger With You Leather Edp,Edp,Leather,Men,Strong,PRF0664
Giorgio Armani,Stronger With You Oud Edp,Edp,Woody Oriental,Men,Strong,PRF0665
Giorgio Armani,Stronger With You Only Edp,Edp,Floriental,Men,Medium,PRF0666
Giorgio Armani,Stronger With You Freeze Edp,Edp,Aromatic Aquatic,Men,Medium,PRF0667
Giorgio Armani,Stronger With You Amber Edp,Edp,Amber Spicy,Men,Strong,PRF0668
Giorgio Armani,Stronger With You Parfum,Parfum,Amber Spicy,Men,Strong,PRF0669
Giorgio Armani,Stronger With You Tobacco Edp,Edp,Amber Spicy,Men,Strong,PRF0670
Giorgio Armani,Because It'S You Edp,Edp,Floriental,Female,Medium,PRF0671
Giorgio Armani,Because It'S You Intensely Edp,Edp,Floriental Fruity,Female,Strong,PRF0672
Giorgio Armani,Armani Code Edt,Edt,Oriental Spicy,Men,Medium,PRF0673
Giorgio Armani,Armani Code Profumo Edp,Edp,Oriental Spicy,Men,Strong,PRF0674
Giorgio Armani,Armani Code Absolu Edp,Edp,Oriental Spicy,Men,Strong,PRF0675
Giorgio Armani,Armani Code Parfum,Parfum,Oriental Spicy,Men,Strong,PRF0676
Giorgio Armani,Acqua Di Giò Edt,Edt,Aquatic Aromatic,Men,Medium,PRF0677
Giorgio Armani,Acqua Di Giò Profondo Edp,Edp,Aquatic Aromatic,Men,Strong,PRF0678
Giorgio Armani,Acqua Di Giò Absolu Edp,Edp,Woody Aquatic,Men,Strong,PRF0679
Giorgio Armani,Acqua Di Giò Elixir Edp,Edp,Aquatic Aromatic,Men,Strong,PRF0680
Giorgio Armani,Si Edp,Edp,Chypre Fruity,Female,Strong,PRF0681
Giorgio Armani,Si Passione Edp,Edp,Floriental Fruity,Female,Strong,PRF0682
Giorgio Armani,Si Fiori Edp,Edp,Floriental Fruity,Female,Medium,PRF0683
Giorgio Armani,Si Intense Edp,Edp,Chypre Fruity,Female,Strong,PRF0684
Giorgio Armani,My Way Edp,Edp,Floriental,Female,Medium,PRF0685
Giorgio Armani,My Way Intense Edp,Edp,Floriental,Female,Strong,PRF0686
Giorgio Armani,My Way Parfum,Parfum,Floriental,Female,Strong,PRF0687
Giorgio Armani,My Way Nectar Edp,Edp,Floriental,Female,Strong,PRF0688
Giorgio Armani,Acqua Di Giòia Edp,Edp,Aquatic Floral,Female,Medium,PRF0689
Giorgio Armani,Acqua Di Giòia Essenza Edp,Edp,Aquatic Floral,Female,Strong,PRF0690
Valentino,Donna Born In Roma Edp,Edp,Floral Woody,Female,Medium,PRF0691
Valentino,Donna Born In Roma Intense Edp,Edp,Amber Floral,Female,Strong,PRF0692
Valentino,Donna Born In Roma Coral Fantasy Edp,Edp,Fruity Floral,Female,Medium,PRF0693
Valentino,Donna Born In Roma Green Stravaganza Edp,Edp,Green Floral,Female,Medium,PRF0694
Valentino,Valentina Edp,Edp,Floriental,Female,Medium,PRF0695
Valentino,Valentina Assoluto Edp,Edp,Floriental,Female,Strong,PRF0696
Valentino,Valentina Pink Edp,Edp,Floral Fruity,Female,Medium,PRF0697
Valentino,Valentina Oud Mystique Edp,Edp,Woody Oriental,Female,Strong,PRF0698
Valentino,Valentino Uomo Edt,Edt,Woody Spicy,Men,Medium,PRF0699
Valentino,Valentino Uomo Intense Edp,Edp,Woody Spicy,Men,Strong,PRF0700
Valentino,Valentino Uomo Noir Absolu Edp,Edp,Woody Aromatic,Men,Strong,PRF0701
Valentino,Valentino Uomo Born In Roma Edp,Edp,Amber Woody,Men,Strong,PRF0702
Louis Vuitton,Imagination,Edp,Woody Aromatic,Unisex,Strong,PRF0703
Louis Vuitton,L'Immensité,Edp,Aromatic Fougere,Men,Strong,PRF0704
Louis Vuitton,Afternoon Swim,Edp,Citrus Aromatic,Unisex,Medium,PRF0705
Louis Vuitton,Attrape-Rêves,Edp,Floriental,Female,Medium,PRF0706
Louis Vuitton,Heures D'Absence,Edp,Floriental,Female,Medium,PRF0707
Louis Vuitton,Le Jour Se Lève,Edp,Floriental,Female,Medium,PRF0708
Louis Vuitton,Rose Des Vents,Edp,Floriental,Female,Medium,PRF0709
Louis Vuitton,Cœur Battant,Edp,Floriental,Female,Medium,PRF0710
Louis Vuitton,Matière Noire,Edp,Woody Floral,Unisex,Strong,PRF0711
Louis Vuitton,Spell On You,Edp,Floriental,Female,Medium,PRF0712
Louis Vuitton,Pacific Chill,Edp,Citrus Aromatic,Unisex,Medium,PRF0713
Louis Vuitton,California Dream,Edp,Citrus Aromatic,Unisex,Medium,PRF0714
Louis Vuitton,City Of Stars,Edp,Citrus Aromatic,Unisex,Medium,PRF0715
Louis Vuitton,Apogée,Edp,Floriental,Female,Medium,PRF0716
Louis Vuitton,Au Hasard,Edp,Woody Spicy,Unisex,Strong,PRF0717
Louis Vuitton,Cactus Garden,Edp,Aromatic,Unisex,Medium,PRF0718
Louis Vuitton,Contre Moi,Edp,Floriental,Female,Medium,PRF0719
Louis Vuitton,On The Beach,Edp,Citrus Aromatic,Unisex,Medium,PRF0720
Louis Vuitton,Les Sables Roses,Edp,Floriental,Unisex,Medium,PRF0721
Louis Vuitton,Ombre Nomade,Edp,Oud,Unisex,Strong,PRF0722
Louis Vuitton,Symphony,Extrait,Floriental,Unisex,Strong,PRF0723
Louis Vuitton,Dancing Blossom,Extrait,Floriental,Unisex,Strong,PRF0724
Louis Vuitton,Myriad,Extrait,Floriental,Unisex,Strong,PRF0725
Louis Vuitton,Rhapsody,Extrait,Floriental,Unisex,Strong,PRF0726
Prada,Paradoxe Eau De Parfum,Edp,Floriental,Female,Medium,PRF0727
Prada,Paradoxe Intense Eau De Parfum,Edp,Amber Floral,Female,Strong,PRF0728
Prada,Paradoxe Virtual Flower Eau De Parfum,Edp,Floral Fruity,Female,Medium,PRF0729
Prada,Paradoxe Radical Essence Parfum,Parfum,Amber Woody,Female,Strong,PRF0730
Prada,Luna Rossa Eau De Parfum,Edp,Aromatic Fougere,Men,Medium,PRF0731
Prada,Luna Rossa Ocean Eau De Parfum,Edp,Aquatic Aromatic,Men,Medium,PRF0732
Prada,Luna Rossa Carbon Eau De Parfum,Edp,Woody Aromatic,Men,Medium,PRF0733
Prada,Luna Rossa Extreme Eau De Parfum,Edp,Woody Spicy,Men,Strong,PRF0734
Prada,Luna Rossa Sport Eau De Parfum,Edp,Aromatic Aquatic,Men,Medium,PRF0735
Prada,Luna Rossa Black Eau De Parfum,Edp,Woody Aromatic,Men,Strong,PRF0736
Prada,Luna Rossa Ocean Eau De Toilette,Edt,Aquatic Aromatic,Men,Light,PRF0737
Prada,Les Infusions De Mandarine Eau De Parfum,Edp,Citrus Aromatic,Unisex,Medium,PRF0738
Prada,Les Infusions De Vetiver Eau De Parfum,Edp,Woody Aromatic,Unisex,Medium,PRF0739
Prada,Les Infusions De Iris Eau De Parfum,Edp,Floriental,Unisex,Medium,PRF0740
Prada,Les Infusions De Rose Eau De Parfum,Edp,Floriental,Unisex,Medium,PRF0741
Prada,Les Infusions De Vanille Eau De Parfum,Edp,Amber Vanilla,Unisex,Medium,PRF0742
Prada,Les Infusions De Cèdre Eau De Parfum,Edp,Woody Spicy,Unisex,Medium,PRF0743
Prada,Les Infusions De Gingembre Eau De Parfum,Edp,Citrus Aromatic,Unisex,Medium,PRF0744
Prada,Les Infusions De Rhubarbe Eau De Parfum,Edp,Floral Fruity,Unisex,Medium,PRF0745
Prada,Les Infusions De Figue Eau De Parfum,Edp,Woody Fruity,Unisex,Medium,PRF0746
Prada,Prada Candy Eau De Parfum,Edp,Gourmand,Female,Medium,PRF0747
Prada,Prada Candy Night Eau De Parfum,Edp,Gourmand,Female,Medium,PRF0748
Prada,Prada Candy Florale Eau De Parfum,Edp,Gourmand Floral,Female,Medium,PRF0749
Prada,Prada Candy Kiss Eau De Parfum,Edp,Gourmand Floral,Female,Medium,PRF0750
Prada,Prada Candy Gloss Eau De Parfum,Edp,Gourmand Fruity,Female,Medium,PRF0751
Prada,Prada Candy L'Eau Eau De Parfum,Edp,Gourmand Floral,Female,Medium,PRF0752
Prada,Prada Candy Sugar Pop Eau De Parfum,Edp,Gourmand Fruity,Female,Medium,PRF0753
Victoria'S Secret,Tease Eau De Parfum,Edp,Floriental,Female,Medium,PRF0754
Victoria'S Secret,Tease Rebel Eau De Parfum,Edp,Floriental,Female,Medium,PRF0755
Victoria'S Secret,Love Spell Eau De Toilette,Edt,Floral Fruity,Female,Light,PRF0756
Victoria'S Secret,Very Sexy Eau De Parfum,Edp,Oriental Floral,Female,Medium,PRF0757
Victoria'S Secret,Very Sexy Now Eau De Parfum,Edp,Floriental,Female,Medium,PRF0758
Victoria'S Secret,Bombshell Eau De Parfum,Edp,Floriental Fruity,Female,Medium,PRF0759
Victoria'S Secret,Bombshell Intense Eau De Parfum,Edp,Floriental Fruity,Female,Medium,PRF0760
Victoria'S Secret,Heavenly Eau De Parfum,Edp,Floriental,Female,Medium,PRF0761
Victoria'S Secret,Scandalous Eau De Parfum,Edp,Amber Floral,Female,Medium,PRF0762
Victoria'S Secret,Victoria Eau De Parfum,Edp,Floriental,Female,Medium,PRF0763
Victoria'S Secret,Love Eau De Parfum,Edp,Floriental Fruity,Female,Medium,PRF0764
Victoria'S Secret,Angelic Eau De Parfum,Edp,Floriental,Female,Medium,PRF0765
Victoria'S Secret,Very Sexy Angel Eau De Parfum,Edp,Floriental,Female,Medium,PRF0766
Victoria'S Secret,Love Addict Eau De Parfum,Edp,Floriental Fruity,Female,Medium,PRF0767
Victoria'S Secret,Velvet Petals Eau De Parfum,Edp,Floriental,Female,Medium,PRF0768
Victoria'S Secret,Secret Charm Eau De Parfum,Edp,Floriental Fruity,Female,Medium,PRF0769
Victoria'S Secret,Love Me Eau De Parfum,Edp,Floriental,Female,Medium,PRF0770
Victoria'S Secret,Fantasy Eau De Parfum,Edp,Floriental Fruity,Female,Medium,PRF0771
Victoria'S Secret,Midnight Fantasy Eau De Parfum,Edp,Floriental Fruity,Female,Medium,PRF0772
Victoria'S Secret,Love By Victoria Eau De Parfum,Edp,Floriental Fruity,Female,Medium,PRF0773
Victoria'S Secret,Bombshell Seduction Eau De Parfum,Edp,Floriental Fruity,Female,Medium,PRF0774
Victoria'S Secret,Love Spell Eau De Parfum,Edp,Floriental Fruity,Female,Medium,PRF0775
Guerlain,Shalimar Eau De Parfum,Edp,Oriental,Female,Strong,PRF0776
Guerlain,Shalimar Souffle De Parfum,Edp,Floriental,Female,Medium,PRF0777
Guerlain,Shalimar Parfum Initial Eau De Parfum,Edp,Floriental,Female,Medium,PRF0778
Guerlain,Shalimar Cologne,Edt,Citrus,Female,Light,PRF0779
Guerlain,Mon Guerlain Eau De Parfum,Edp,Amber Floral,Female,Medium,PRF0780
Guerlain,Mon Guerlain Bloom Of Rose Eau De Parfum,Edp,Floriental,Female,Medium,PRF0781
Guerlain,Mon Guerlain Intense Eau De Parfum,Edp,Amber Floral,Female,Medium,PRF0782
Guerlain,La Petite Robe Noire Eau De Parfum,Edp,Floriental Fruity,Female,Medium,PRF0783
Guerlain,La Petite Robe Noire Intense Eau De Parfum,Edp,Floriental Fruity,Female,Medium,PRF0784
Guerlain,La Petite Robe Noire Black Perfecto Eau De Parfum,Edp,Floriental,Female,Medium,PRF0785
Guerlain,L'Instant De Guerlain Eau De Parfum,Edp,Floriental,Female,Medium,PRF0786
Guerlain,L'Instant De Guerlain Eau De Toilette,Edt,Floriental,Female,Light,PRF0787
Guerlain,Idylle Eau De Parfum,Edp,Floriental,Female,Medium,PRF0788
Guerlain,Idylle Eau De Toilette,Edt,Floriental,Female,Light,PRF0789
Diptyque,Philosykos Eau De Toilette,Edt,Woody Fruity,Unisex,Medium,PRF0790
Diptyque,Do Son Eau De Toilette,Edt,Floral,Unisex,Medium,PRF0791
Diptyque,L'Ombre Dans L'Eau Eau De Toilette,Edt,Floral Fruity,Unisex,Medium,PRF0792
Diptyque,Tubéreuse Eau De Toilette,Edt,Floral,Unisex,Medium,PRF0793
Diptyque,Eau Rose Eau De Toilette,Edt,Floral,Unisex,Medium,PRF0794
Diptyque,Fleur De Peau Eau De Parfum,Edp,Floriental,Unisex,Medium,PRF0795
Diptyque,Volutes Eau De Parfum,Edp,Oriental,Unisex,Medium,PRF0796
Diptyque,Santé Eau De Toilette,Edt,Citrus Aromatic,Unisex,Light,PRF0797
Diptyque,Oud Palao Eau De Parfum,Edp,Oud Floral,Unisex,Strong,PRF0798
Diptyque,Do Son Eau De Parfum,Edp,Floral,Unisex,Medium,PRF0799
Jo Malone,English Pear & Freesia Cologne,Cologne,Floral Fruity,Unisex,Medium,PRF0800
Jo Malone,Peony & Blush Suede Cologne,Cologne,Floral,Female,Medium,PRF0801
Jo Malone,Lime Basil & Mandarin Cologne,Cologne,Citrus Aromatic,Unisex,Medium,PRF0802
Jo Malone,Wood Sage & Sea Salt Cologne,Cologne,Woody Aromatic,Unisex,Medium,PRF0803
Jo Malone,Pomegranate Noir Cologne,Cologne,Oriental Fruity,Female,Medium,PRF0804
Jo Malone,Nectarine Blossom & Honey Cologne,Cologne,Floral Fruity,Female,Medium,PRF0805
Jo Malone,Red Roses Cologne,Cologne,Floral,Female,Medium,PRF0806
Jo Malone,Amber & Lavender Cologne,Cologne,Amber Floral,Unisex,Medium,PRF0807
Jo Malone,Wild Bluebell Cologne,Cologne,Floral,Female,Medium,PRF0808
Jo Malone,English Oak & Redcurrant Cologne,Cologne,Woody Fruity,Unisex,Medium,PRF0809
Ralph Lauren,Ralph Eau De Parfum,Edp,Floriental,Female,Medium,PRF0810
Ralph Lauren,Ralph Eau De Toilette,Edt,Floriental,Female,Medium,PRF0811
Ralph Lauren,Romance Eau De Parfum,Edp,Floriental,Female,Medium,PRF0812
Ralph Lauren,Romance Eau De Toilette,Edt,Floriental,Female,Medium,PRF0813
Ralph Lauren,Notorious Eau De Parfum,Edp,Floriental,Female,Medium,PRF0814
Ralph Lauren,Blue Eau De Toilette,Edt,Aromatic Fougere,Men,Medium,PRF0815
Ralph Lauren,Polo Black Eau De Parfum,Edp,Woody Aromatic,Men,Medium,PRF0816
Ralph Lauren,Polo Red Eau De Parfum,Edp,Woody Spicy,Men,Medium,PRF0817
Ralph Lauren,Polo Blue Eau De Parfum,Edp,Aromatic Fougere,Men,Medium,PRF0818
Ralph Lauren,Polo Green Eau De Parfum,Edp,Woody Aromatic,Men,Medium,PRF0819
Ralph Lauren,Polo Eau De Toilette,Edt,Woody Aromatic,Men,Medium,PRF0820
Lattafa,Abaan,Edp,Unknown,Unisex,Medium,PRF0821
Lattafa,Adeeb,Edp,Unknown,Unisex,Medium,PRF0822
Lattafa,Afeef,Edp,Unknown,Unisex,Medium,PRF0823
Lattafa,Afkaar,Edp,Unknown,Unisex,Medium,PRF0824
Lattafa,Al Awsaaf,Edp,Unknown,Unisex,Medium,PRF0825
Lattafa,Al Azal,Edp,Unknown,Men,Medium,PRF0826
Lattafa,Al Dur Al Maknoon Gold,Edp,Unknown,Unisex,Strong,PRF0827
Lattafa,Al Dur Al Maknoon Silver,Edp,Unknown,Unisex,Strong,PRF0828
Lattafa,Qaeed Al Fursan,Edp,Oriental Woody,Unisex,Strong,PRF0829
Lattafa,Al Muarikh The Historian,Edp,Unknown,Unisex,Medium,PRF0830
Lattafa,Al Najris,Edp,Unknown,Unisex,Medium,PRF0831
Lattafa,Ameer Al Oudh,Edp,Unknown,Unisex,Strong,PRF0832
Lattafa,Ameer Al Oudh Intense Oud,Edp,Unknown,Unisex,Strong,PRF0833
Lattafa,Amwaaj Al Oud,Edp,Unknown,Unisex,Medium,PRF0834
Lattafa,Anfas Oud,Edp,Unknown,Unisex,Medium,PRF0835
Lattafa,Angham,Edp,Unknown,Unisex,Strong,PRF0836
Lattafa,Atheeri,Edp,Unknown,Female,Medium,PRF0837
Lattafa,Atlas,Edp,Unknown,Unisex,Medium,PRF0838
Lattafa,Aura,Edp,Unknown,Unisex,Medium,PRF0839
Lattafa,Awraq Al Oud,Edp,Unknown,Unisex,Strong,PRF0840
Lattafa,Asad,Edp,Unknown,Unisex,Strong,PRF0841
Lattafa,Asad Bourbon,Edp,Unknown,Unisex,Medium,PRF0842
Lattafa,Bade'E Al Oud Honor & Glory,Edp,Unknown,Unisex,Strong,PRF0843
Lattafa,Bade'E Al Oud Sublime,Edp,Unknown,Unisex,Strong,PRF0844
Lattafa,Eclaire,Edp,Floral Fruity Gourmand,Women,Strong,PRF0845
Lattafa,Fakhar,Edp,Unknown,Unisex,Medium,PRF0846
Lattafa,Fakhar Black,Edp,Unknown,Unisex,Medium,PRF0847
Lattafa,Khamrah,Edp,Unknown,Unisex,Strong,PRF0848
Lattafa,Khamrah Qahwa,Edp,Unknown,Unisex,Strong,PRF0849
Lattafa,Khamrah Dukhan,Edp,Unknown,Unisex,Strong,PRF0850
Lattafa,Liam,Edp,Unknown,Unisex,Strong,PRF0851
Lattafa,Nebras,Edp,Unknown,Unisex,Medium,PRF0852
Lattafa,Raghba,Edp,Unknown,Unisex,Strong,PRF0853
Lattafa,Dynasty,Edp,Woody Spicy,Unisex,Medium,PRF0854
Lattafa,Victoria,Edp,Unknown,Unisex,Medium,PRF0855
Lattafa,The Kingdom (Women),Edp,Floral Fruity Gourmand,Women,Medium,PRF0856
Maison Alhambra,Bright Peach,Edp,Fruity Floral,Unisex,Strong,PRF0857
Maison Alhambra,Woody Oud,Edp,Woody Spicy,Unisex,Medium,PRF0858
Maison Alhambra,Lovely Cherie,Edp,Cherry Gourmand,Unisex,Medium,PRF0859
Maison Alhambra,Toscano Leather,Edp,Leather,Unisex,Light,PRF0860
Maison Alhambra,Yeah,Edp,Fresh Aromatic,Unisex,Light,PRF0861
Maison Alhambra,Tobacco Touch,Edp,Amber Tobacco,Unisex,Medium,PRF0862
Maison Alhambra,Jorge Di Profumo,Edp,Aquatic Aromatic,Unisex,Light,PRF0863
Maison Alhambra,Porto Neroli,Edp,Citrus Aromatic,Unisex,Medium,PRF0864
Maison Alhambra,Intense Peach,Edp,Fruity Floral,Unisex,Medium,PRF0865
Maison Alhambra,Sceptre Bronzite,Edp,Unknown,Unisex,Medium,PRF0866
Maison Alhambra,Kismet Angel,Edp,Unknown,Unisex,Medium,PRF0867
Maison Alhambra,Tabac,Edp,Tabac Accord,Unisex,Medium,PRF0868
Maison Alhambra,Signatures No. Iii,Edp,Unknown,Unisex,Medium,PRF0869
Maison Alhambra,Zaffiro Crafted Oud,Edp,Unknown,Unisex,Strong,PRF0870
Maison Alhambra,Amber & Leather,Edp,Amber Leather,Unisex,Strong,PRF0871
Maison Alhambra,Salvo Elixir,Edp,Unknown,Unisex,Strong,PRF0872
Maison Alhambra,Perseus,Edp,Unknown,Unisex,Strong,PRF0873
Maison Alhambra,Black Origami,Edp,Floral Chocolate,Unisex,Medium,PRF0874
Maison Alhambra,Floral Ambrosia,Edp,Floriental,Unisex,Medium,PRF0875
Maison Alhambra,Kingsman,Edp,Woody Aromatic,Unisex,Medium,PRF0876
Maison Alhambra,Rose Oud,Edp,Amber Floral,Unisex,Medium,PRF0877
Maison Alhambra,Karat,Edp,Gourmand,Unisex,Medium,PRF0878
Maison Alhambra,Opera Noir,Edp,Oriental Floral,Unisex,Medium,PRF0879
Maison Alhambra,Amberley Ombre Blue,Edp,Patchouli Fig,Unisex,Strong,PRF0880
Maison Alhambra,Amberley Pur Oud,Edp,Woody Oud,Unisex,Strong,PRF0881
Ajmal,Evoke For Him,Edp,Aromatic,Men,Strong,PRF0882
Ajmal,Blu,Edp,Floral Aquatic,Men,Medium,PRF0883
Ajmal,Amber Wood,Edp,Woody Amber,Unisex,Medium,PRF0884
Ajmal,Wisal Layel,Edp,Fruity Floral Woody,Unisex,Strong,PRF0885
Ajmal,Amber Musc,Edp,Amber Musk,Unisex,Strong,PRF0886
Ajmal,Patchouli Wood,Edp,Woody Spicy,Unisex,Medium,PRF0887
Ajmal,Moshriqa,Edp,Floral Spicy Oriental,Unisex,Strong,PRF0888
Ajmal,Musk Rose,Alcohol-Free,Floral Musk,Unisex,Strong,PRF0889
Ajmal,Oudh Mukhallat,Attar,Oudh Blend,Unisex,Strong,PRF0890
Ajmal,Dahn Al Oudh Zayeed,Concentrate,Rich Oudh,Unisex,Strong,PRF0891
Ajmal,Majmua,Concentrate,Floral Amber Woody,Unisex,Strong,PRF0892
Ajmal,1001 Nights,Edp,Woody Spicy,Unisex,Medium,PRF0893
Ajmal,Kuro,Edp,Fresh Spicy,Unisex,Light,PRF0894
Ajmal,Silver Shade,Edp,Floral Powdery,Unisex,Light,PRF0895
Ajmal,Wisal Dhahab,Edp,Floral Oriental,Unisex,Strong,PRF0896
Ajmal,Bombay Dreams,Edp,Floral,Women,Medium,PRF0897
Ajmal,Artisan Fleur Silk,Edp,Floral,Women,Medium,PRF0898
Ajmal,Amber Musc Noir (Amber Musk Edp),Edp,Amber Musk,Unisex,Strong,PRF0899
Ajmal,Ambre Pimente,Edp,Spicy Amber,Men,Strong,PRF0900
Ajmal,Sacred Love,Edp,Citrus Floral,Women,Light,PRF0901
Ajmal,Bling (Women),Edp,Floral,Women,Medium,PRF0902
Ajmal,Amaze,Edp,Fresh Aromatic,Men,Medium,PRF0903
Ajmal,Song Of Oud,Edp,Woody Oud,Unisex,Strong,PRF0904
Ajmal,Amber Wood Noir,Edp,Woody Musky,Unisex,Strong,PRF0905
Ajmal,Silent Storm,Edp,Citrus Amber,Unisex,Medium,PRF0906
Ajmal,Zeal,Edp,Fresh Spicy,Unisex,Medium,PRF0907
Ajmal,Mukhalat Al Raki,Oil,Floral Woody Musky,Unisex,Strong,PRF0908
Ajmal,Colaba Mukhalat,Oil,Floral Ambery,Unisex,Strong,PRF0909
Ajmal,Vanilla Amber Oil,Oil,Gourmand Vanilla,Unisex,Strong,PRF0910
Brand,Perfume,Type,Category,Target Audience,Longevity,PRF0911
Zimaya,Amber Is Great,Edp,Fruity Amber,Unisex,Medium,PRF0912
Zimaya,Yaa Umree,Edp,Creamy Floral,Women,Medium,PRF0913
Zimaya,Mazaaj Infused,Edp,Spicy Gourmand,Men,Strong,PRF0914
Zimaya,Hawwa Pink,Edp,Fruity Floral,Women,Strong,PRF0915
Zimaya,Hawwa Red,Edp,Fruity Floral,Women,Medium,PRF0916
Zimaya,Itqan Noir,Edp,Spicy Woody,Unisex,Strong,PRF0917
Zimaya,Stallion,Edp,Fresh,Unisex,Medium,PRF0918
Montblanc,Legend Edt,Edt,Aromatic Fougere,Men,Medium,PRF0919
Montblanc,Legend Edp,Edp,Aromatic Fougere,Men,Strong,PRF0920
Montblanc,Legend Spirit,Edp,Woody Aromatic,Men,Medium,PRF0921
Montblanc,Legend Blue,Edp,Fresh Aquatic,Men,Medium,PRF0922
Montblanc,Legend Red,Edp,Woody Fruity,Men,Medium,PRF0923
Montblanc,Legend Night,Edp,Woody Aromatic,Men,Medium,PRF0924
Montblanc,Explorer,Edp,Woody Aromatic,Men,Medium,PRF0925
Montblanc,Signature,Edp,Floral Musk,Women,Light,PRF0926
Montblanc,Signature Absolue,Edp,Tropical Floral,Women,Strong,PRF0927
Mancera,Instant Crush,Edp,Amber Floral,Unisex,Strong,PRF0928
Mancera,Cedrat Boise,Edp,Citrus Aromatic,Unisex,Strong,PRF0929
Mancera,Red Tobacco,Edp,Tobacco Spicy,Unisex,Strong,PRF0930
Mancera,Black Vanilla,Edp,Spicy Amber,Unisex,Strong,PRF0931
Mancera,Feminity,Edp,Floral Powdery,Women,Medium,PRF0932
Mancera,Pearl,Edp,Fig Floral Musk,Women,Strong,PRF0933
Mancera,Velvet Vanilla,Edp,Floriental,Women,Strong,PRF0934
Mancera,Roses Vanille,Edp,Floriental,Women,Strong,PRF0935
Mancera,Hindu Kush,Edp,Woody,Unisex,Strong,PRF0936
Mancera,Holiday,Edp,Fresh Oriental,Unisex,Medium,PRF0937
Mancera,Aoud Lemon Mint,Edp,Fresh Woody,Unisex,Strong,PRF0938
Mancera,French Riviera,Edp,Citrus Aromatic,Unisex,Strong,PRF0939
Mancera,Wind Wood,Edp,Woody Floral,Men,Strong,PRF0940
Mancera,Roses Greedy,Edp,Floral Gourmand,Women,Medium,PRF0941
